2025-05-25T09:33:31.615846,0,0,40.246151915,-111.6471946017
2025-05-25T09:33:32.116071,0,0,40.2461519067,-111.6471944333
2025-05-25T09:33:32.615956,0,0,40.246151995,-111.6471940117
2025-05-25T09:33:33.115949,0,0,40.2461520067,-111.6471938383
2025-05-25T09:33:33.615973,0,0,40.2461520067,-111.6471938383
2025-05-25T09:33:34.115981,0,0,40.2461520467,-111.6471931
2025-05-25T09:33:34.615856,0,0,40.24615208,-111.6471925917
2025-05-25T09:33:35.116001,0,0,40.2461520783,-111.64719181
2025-05-25T09:33:35.615969,0,0,40.2461521867,-111.6471910167
2025-05-25T09:33:36.116067,0,0,40.2461521567,-111.6471906533
2025-05-25T09:33:36.615829,0,0,40.2461521567,-111.6471906533
2025-05-25T09:33:37.115906,0,0,40.24615479,-111.6471867933
2025-05-25T09:33:37.615815,0,0,40.24615631,-111.6471848483
2025-05-25T09:33:38.115866,0,0,40.2461579517,-111.64718359
2025-05-25T09:33:38.616021,0,0,40.246160865,-111.6471814983
2025-05-25T09:33:39.115862,0,0,40.2461616533,-111.6471810483
2025-05-25T09:33:39.615808,0,0,40.2461616533,-111.6471810483
2025-05-25T09:33:40.115859,0,0,40.24616502,-111.6471788933
2025-05-25T09:33:40.615860,0,0,40.2461666683,-111.6471779017
2025-05-25T09:33:41.116073,0,0,40.2461684383,-111.64717638
2025-05-25T09:33:41.615896,0,0,40.24617071,-111.6471735583
2025-05-25T09:33:42.116066,0,0,40.24617154,-111.647172845
2025-05-25T09:33:42.615842,0,0,40.24617154,-111.647172845
2025-05-25T09:33:43.115908,0,0,40.2461731583,-111.6471715733
2025-05-25T09:33:43.616064,0,0,40.246174785,-111.6471699383
2025-05-25T09:33:44.116046,0,0,40.2461764083,-111.6471679067
2025-05-25T09:33:44.616070,0,0,40.2461790217,-111.647166055
2025-05-25T09:33:45.116006,0,0,40.2461800617,-111.6471649267
2025-05-25T09:33:45.616071,0,0,40.2461800617,-111.6471649267
2025-05-25T09:33:46.116103,0,0,40.246184185,-111.64716141
2025-05-25T09:33:46.615831,0,0,40.2461861217,-111.6471591133
2025-05-25T09:33:47.116086,0,0,40.2461877467,-111.6471566283
2025-05-25T09:33:47.616066,0,0,40.2461905483,-111.6471530983
2025-05-25T09:33:48.115932,0,0,40.246191345,-111.6471523983
2025-05-25T09:33:48.616098,0,0,40.246191345,-111.6471523983
2025-05-25T09:33:49.116097,0,0,40.2461946033,-111.6471478917
2025-05-25T09:33:49.616084,0,0,40.24619652,-111.64714526
2025-05-25T09:33:50.115833,0,0,40.2461984583,-111.6471422433
2025-05-25T09:33:50.616091,0,0,40.2462007367,-111.6471377067
2025-05-25T09:33:51.115838,0,0,40.2462016183,-111.6471361583
2025-05-25T09:33:51.616015,0,0,40.2462016183,-111.6471361583
2025-05-25T09:33:52.115821,0,0,40.2462048067,-111.64713072
2025-05-25T09:33:52.615994,0,0,40.2462059233,-111.6471280317
2025-05-25T09:33:53.115821,0,0,40.2462073517,-111.6471254383
2025-05-25T09:33:53.615922,0,0,40.2462099467,-111.647121705
2025-05-25T09:33:54.116041,0,0,40.2462109117,-111.6471202267
2025-05-25T09:33:54.615982,0,0,40.2462109117,-111.6471202267
2025-05-25T09:33:55.116029,0,0,40.2462136833,-111.6471142683
2025-05-25T09:33:55.615836,0,0,40.24621495,-111.64711176
2025-05-25T09:33:56.116007,0,0,40.2462163717,-111.6471093133
2025-05-25T09:33:56.616096,0,0,40.2462182367,-111.647104755
2025-05-25T09:33:57.115845,0,0,40.246218995,-111.6471034783
2025-05-25T09:33:57.616001,0,0,40.246218995,-111.6471034783
2025-05-25T09:33:58.115729,0,0,40.2462213867,-111.6470967767
2025-05-25T09:33:58.616084,0,0,40.246222705,-111.6470939
2025-05-25T09:33:59.116022,0,0,40.2462244467,-111.6470911833
2025-05-25T09:33:59.615999,0,0,40.2462265533,-111.6470872583
2025-05-25T09:34:00.116118,0,0,40.2462270917,-111.64708596
2025-05-25T09:34:00.616099,0,0,40.2462270917,-111.64708596
2025-05-25T09:34:01.115974,0,0,40.2462301633,-111.64708089
2025-05-25T09:34:01.616060,0,0,40.2462317733,-111.6470779983
2025-05-25T09:34:02.115983,0,0,40.24623292,-111.6470751933
2025-05-25T09:34:02.616095,0,0,40.24623549,-111.647071135
2025-05-25T09:34:03.116078,0,0,40.2462362583,-111.64706993
2025-05-25T09:34:03.615837,0,0,40.2462362583,-111.64706993
2025-05-25T09:34:04.115834,0,0,40.2462387733,-111.6470650233
2025-05-25T09:34:04.615833,0,0,40.2462401633,-111.647062755
2025-05-25T09:34:05.115848,0,0,40.2462415533,-111.64706023
2025-05-25T09:34:05.615819,0,0,40.246243545,-111.64705629
2025-05-25T09:34:06.115812,0,0,40.246244295,-111.6470550883
2025-05-25T09:34:06.615822,0,0,40.246244295,-111.6470550883
2025-05-25T09:34:07.115825,0,0,40.2462464117,-111.64704969
2025-05-25T09:34:07.615830,0,0,40.2462473467,-111.6470473717
2025-05-25T09:34:08.115845,0,0,40.2462485617,-111.64704488
2025-05-25T09:34:08.615824,0,0,40.2462497633,-111.6470415783
2025-05-25T09:34:09.115824,0,0,40.24624977,-111.64704156
2025-05-25T09:34:09.615837,0,0,40.24624977,-111.64704156
2025-05-25T09:34:10.115836,0,0,40.2462498,-111.6470415033
2025-05-25T09:34:10.615833,0,0,40.2462498133,-111.6470414717
2025-05-25T09:34:11.115837,0,0,40.2462481533,-111.6470397233
2025-05-25T09:34:11.615832,0,0,40.2462454267,-111.6470365033
2025-05-25T09:34:12.115842,0,0,40.2462446567,-111.647035805
2025-05-25T09:34:12.615759,0,0,40.2462446567,-111.647035805
2025-05-25T09:34:13.115756,0,0,40.2462414033,-111.647032905
2025-05-25T09:34:13.615835,0,0,40.2462400417,-111.6470316717
2025-05-25T09:34:14.115840,0,0,40.246238925,-111.6470307133
2025-05-25T09:34:14.615849,0,0,40.2462389433,-111.6470306567
2025-05-25T09:34:15.115848,0,0,40.2462389467,-111.6470306383
2025-05-25T09:34:15.615903,0,0,40.2462389467,-111.6470306383
2025-05-25T09:34:16.115818,0,0,40.246237505,-111.647034985
2025-05-25T09:34:16.615803,0,0,40.2462361283,-111.6470370867
2025-05-25T09:34:17.115803,0,0,40.2462350717,-111.64703892
2025-05-25T09:34:17.615839,0,0,40.2462339317,-111.64704257
2025-05-25T09:34:18.115845,0,0,40.2462333683,-111.647043665
2025-05-25T09:34:18.615845,0,0,40.2462333683,-111.647043665
2025-05-25T09:34:19.115848,0,0,40.24623161,-111.6470480267
2025-05-25T09:34:19.615867,0,0,40.2462308617,-111.6470501567
2025-05-25T09:34:20.115839,0,0,40.2462295333,-111.647052445
2025-05-25T09:34:20.615848,0,0,40.24622787,-111.6470557917
2025-05-25T09:34:21.115826,0,0,40.246227415,-111.64705714
2025-05-25T09:34:21.615840,0,0,40.246227415,-111.64705714
2025-05-25T09:34:22.115817,0,0,40.246225125,-111.647062045
2025-05-25T09:34:22.615814,0,0,40.2462240217,-111.6470647033
2025-05-25T09:34:23.115832,0,0,40.2462230483,-111.64706708
2025-05-25T09:34:23.615859,0,0,40.24622093,-111.64707109
2025-05-25T09:34:24.115824,0,0,40.2462202417,-111.64707219
2025-05-25T09:34:24.615878,0,0,40.2462202417,-111.64707219
2025-05-25T09:34:25.115835,0,0,40.24621694,-111.64707759
2025-05-25T09:34:25.615844,0,0,40.24621554,-111.6470802617
2025-05-25T09:34:26.115852,0,0,40.2462143283,-111.6470829583
2025-05-25T09:34:26.615804,0,0,40.2462122917,-111.64708634
2025-05-25T09:34:27.115831,0,0,40.246211405,-111.6470876617
2025-05-25T09:34:27.615854,0,0,40.246211405,-111.6470876617
2025-05-25T09:34:28.115836,0,0,40.2462076583,-111.6470927883
2025-05-25T09:34:28.615849,0,0,40.24620588,-111.647094915
2025-05-25T09:34:29.115786,0,0,40.2462041467,-111.647097285
2025-05-25T09:34:29.615831,0,0,40.2462019317,-111.6471010717
2025-05-25T09:34:30.115841,0,0,40.246201275,-111.6471019367
2025-05-25T09:34:30.615816,0,0,40.246201275,-111.6471019367
2025-05-25T09:34:31.116050,0,0,40.2461978783,-111.6471080217
2025-05-25T09:34:31.616093,0,0,40.2461962267,-111.64711075
2025-05-25T09:34:32.115727,0,0,40.2461940767,-111.647113285
2025-05-25T09:34:32.616113,0,0,40.2461912567,-111.6471178567
2025-05-25T09:34:33.116139,0,0,40.2461905,-111.6471196717
2025-05-25T09:34:33.616009,0,0,40.2461905,-111.6471196717
2025-05-25T09:34:34.116119,0,0,40.2461868517,-111.64712483
2025-05-25T09:34:34.615844,0,0,40.2461849517,-111.6471271783
2025-05-25T09:34:35.115840,0,0,40.2461832767,-111.6471300433
2025-05-25T09:34:35.615853,0,0,40.2461805467,-111.6471343817
2025-05-25T09:34:36.115975,0,0,40.2461796767,-111.64713549
2025-05-25T09:34:36.615959,0,0,40.2461796767,-111.64713549
2025-05-25T09:34:37.115816,0,0,40.2461761683,-111.64714061
2025-05-25T09:34:37.615945,0,0,40.2461744333,-111.6471427833
2025-05-25T09:34:38.115835,0,0,40.2461725167,-111.6471456683
2025-05-25T09:34:38.615914,0,0,40.2461698467,-111.6471501767
2025-05-25T09:34:39.116070,0,0,40.2461693233,-111.6471513883
2025-05-25T09:34:39.615819,0,0,40.2461693233,-111.6471513883
2025-05-25T09:34:40.115815,0,0,40.2461670117,-111.647156075
2025-05-25T09:34:40.616083,0,0,40.246164905,-111.6471583233
2025-05-25T09:34:41.116071,0,0,40.2461634267,-111.64715955
2025-05-25T09:34:41.615805,0,0,40.246162805,-111.6471630917
2025-05-25T09:34:42.116129,0,0,40.2461633467,-111.6471644283
2025-05-25T09:34:42.616118,0,0,40.2461633467,-111.6471644283
2025-05-25T09:34:43.115725,0,0,40.2461658967,-111.6471689617
2025-05-25T09:34:43.616114,0,0,40.2461679983,-111.64717053
2025-05-25T09:34:44.115841,0,0,40.2461702233,-111.6471711967
2025-05-25T09:34:44.616009,0,0,40.2461731133,-111.6471726183
2025-05-25T09:34:45.115988,0,0,40.246173615,-111.6471729583
2025-05-25T09:34:45.616009,0,0,40.246173615,-111.6471729583
2025-05-25T09:34:46.116115,0,0,40.2461736317,-111.6471730617
2025-05-25T09:34:46.616053,0,0,40.246173665,-111.6471730933
2025-05-25T09:34:47.116088,0,0,40.246173665,-111.6471731017
2025-05-25T09:34:47.615720,0,0,40.2461736417,-111.647173115
2025-05-25T09:34:48.116095,0,0,40.246173635,-111.6471731183
