2025-05-08T12:48:10.288234,-37.910522,145.1348566667,-37.9105148867,145.1348402883
2025-05-08T12:48:10.787979,-37.910522,145.1348566667,-37.9105148867,145.1348402883
2025-05-08T12:48:11.288044,-37.9105221667,145.1348566667,-37.910514975,145.1348402733
2025-05-08T12:48:11.788246,-37.9105221667,145.1348566667,-37.910514975,145.1348402733
2025-05-08T12:48:12.288059,-37.9105221667,145.1348566667,-37.9105150567,145.134840255
2025-05-08T12:48:12.788217,-37.9105221667,145.1348566667,-37.9105150567,145.134840255
2025-05-08T12:48:13.288039,-37.9105223333,145.1348566667,-37.91051515,145.1348402317
2025-05-08T12:48:13.788087,-37.9105223333,145.1348566667,-37.91051515,145.1348402317
2025-05-08T12:48:14.287974,-37.9105223333,145.1348565,-37.9105153317,145.134840185
2025-05-08T12:48:14.788294,-37.9105223333,145.1348565,-37.9105153317,145.134840185
2025-05-08T12:48:15.288281,-37.9105223333,145.1348565,-37.9105153317,145.134840185
2025-05-08T12:48:15.788172,-37.9105223333,145.1348565,-37.9105153317,145.134840185
2025-05-08T12:48:16.288044,-37.9105225,145.1348565,-37.910515425,145.1348401617
2025-05-08T12:48:16.788064,-37.9105225,145.1348565,-37.910515425,145.1348401617
2025-05-08T12:48:17.288311,-37.9105225,145.1348563333,-37.910515425,145.1348401617
2025-05-08T12:48:17.788252,-37.9105225,145.1348563333,-37.910515425,145.1348401617
2025-05-08T12:48:18.288218,-37.9105225,145.1348563333,-37.910515425,145.1348401617
2025-05-08T12:48:18.788321,-37.9105225,145.1348563333,-37.910515425,145.1348401617
2025-05-08T12:48:19.288031,-37.9105226667,145.1348565,-37.910515425,145.1348401617
2025-05-08T12:48:19.788029,-37.9105226667,145.1348565,-37.910515425,145.1348401617
2025-05-08T12:48:20.288276,-37.9105226667,145.1348565,-37.9105155983,145.1348401167
2025-05-08T12:48:20.788262,-37.9105226667,145.1348565,-37.9105155983,145.1348401167
2025-05-08T12:48:21.288318,-37.9105226667,145.1348565,-37.9105155983,145.1348401167
2025-05-08T12:48:21.788160,-37.9105226667,145.1348565,-37.9105155983,145.1348401167
2025-05-08T12:48:22.288042,-37.9105226667,145.1348565,-37.9105155983,145.1348401167
2025-05-08T12:48:22.788198,-37.9105226667,145.1348565,-37.9105155983,145.1348401167
2025-05-08T12:48:23.288261,-37.9105226667,145.1348565,-37.9105155983,145.1348401167
2025-05-08T12:48:23.788132,-37.9105226667,145.1348565,-37.9105155983,145.1348401167
2025-05-08T12:48:24.288272,-37.9105228333,145.1348565,-37.9105155983,145.1348401167
2025-05-08T12:48:24.788151,-37.9105228333,145.1348565,-37.9105155983,145.1348401167
2025-05-08T12:48:25.288019,-37.9105228333,145.1348565,-37.9105155983,145.1348401167
2025-05-08T12:48:25.788110,-37.9105228333,145.1348565,-37.9105155983,145.1348401167
2025-05-08T12:48:26.288087,-37.9105228333,145.1348565,-37.9105155983,145.1348401167
2025-05-08T12:48:26.788199,-37.9105228333,145.1348565,-37.9105155983,145.1348401167
2025-05-08T12:48:27.288073,-37.910523,145.1348565,-37.9105155983,145.1348401167
2025-05-08T12:48:27.788165,-37.910523,145.1348565,-37.9105155983,145.1348401167
2025-05-08T12:48:28.288213,-37.910523,145.1348565,-37.9105155983,145.1348401167
2025-05-08T12:48:28.788061,-37.910523,145.1348565,-37.9105155983,145.1348401167
2025-05-08T12:48:29.288240,-37.9105231667,145.1348565,-37.9105155983,145.1348401167
2025-05-08T12:48:29.788204,-37.9105231667,145.1348565,-37.9105155983,145.1348401167
2025-05-08T12:48:30.288122,-37.9105231667,145.1348565,-37.9105155983,145.1348401167
2025-05-08T12:48:30.788269,-37.9105231667,145.1348565,-37.9105155983,145.1348401167
2025-05-08T12:48:31.288067,-37.9105233333,145.1348565,-37.9105155983,145.1348401167
2025-05-08T12:48:31.788030,-37.9105233333,145.1348565,-37.9105155983,145.1348401167
2025-05-08T12:48:32.288105,-37.9105233333,145.1348563333,-37.9105155383,145.134840235
2025-05-08T12:48:32.788276,-37.9105233333,145.1348563333,-37.9105155383,145.134840235
2025-05-08T12:48:33.288058,-37.9105236667,145.1348563333,-37.910515705,145.13484037
2025-05-08T12:48:33.788101,-37.9105236667,145.1348563333,-37.910515705,145.13484037
2025-05-08T12:48:34.288245,-37.9105236667,145.1348563333,-37.9105158467,145.13484054
2025-05-08T12:48:34.788171,-37.9105236667,145.1348563333,-37.9105158467,145.13484054
2025-05-08T12:48:35.288073,-37.9105238333,145.1348563333,-37.910516045,145.1348407867
2025-05-08T12:48:35.788178,-37.9105238333,145.1348563333,-37.910516045,145.1348407867
2025-05-08T12:48:36.288065,-37.9105238333,145.1348563333,-37.9105161733,145.134840945
2025-05-08T12:48:36.788137,-37.9105238333,145.1348563333,-37.9105161733,145.134840945
2025-05-08T12:48:37.288307,-37.910524,145.1348563333,-37.9105164283,145.134841085
2025-05-08T12:48:37.788078,-37.910524,145.1348563333,-37.9105164283,145.134841085
2025-05-08T12:48:38.288192,-37.910524,145.1348563333,-37.9105165533,145.1348410317
2025-05-08T12:48:38.788169,-37.910524,145.1348563333,-37.9105165533,145.1348410317
2025-05-08T12:48:39.288259,-37.910524,145.1348563333,-37.91051635,145.1348409617
2025-05-08T12:48:39.788200,-37.910524,145.1348563333,-37.91051635,145.1348409617
2025-05-08T12:48:40.288112,-37.910524,145.1348563333,-37.91051609,145.1348404633
2025-05-08T12:48:40.788071,-37.910524,145.1348563333,-37.91051609,145.1348404633
2025-05-08T12:48:41.288279,-37.910524,145.1348563333,-37.9105158617,145.13484048
2025-05-08T12:48:41.788204,-37.910524,145.1348563333,-37.9105158617,145.13484048
2025-05-08T12:48:42.288106,-37.9105238333,145.1348563333,-37.910515475,145.134840315
2025-05-08T12:48:42.788120,-37.9105238333,145.1348563333,-37.910515475,145.134840315
2025-05-08T12:48:43.288221,-37.9105238333,145.1348563333,-37.910516035,145.1348364117
2025-05-08T12:48:43.788021,-37.9105238333,145.1348563333,-37.910516035,145.1348364117
2025-05-08T12:48:44.288083,-37.9105238333,145.1348561667,-37.9105130083,145.1348336483
2025-05-08T12:48:44.788232,-37.9105238333,145.1348561667,-37.9105130083,145.1348336483
2025-05-08T12:48:45.288319,-37.9105238333,145.1348561667,-37.9105112633,145.1348344117
2025-05-08T12:48:45.788173,-37.9105238333,145.1348561667,-37.9105112633,145.1348344117
2025-05-08T12:48:46.288293,-37.9105236667,145.1348561667,-37.910507575,145.1348386933
2025-05-08T12:48:46.788307,-37.9105236667,145.1348561667,-37.910507575,145.1348386933
2025-05-08T12:48:47.288245,-37.9105236667,145.134856,-37.9105045817,145.1348438367
2025-05-08T12:48:47.788165,-37.9105236667,145.134856,-37.9105045817,145.1348438367
2025-05-08T12:48:48.287996,-37.9105236667,145.134856,-37.9105073083,145.1348508667
2025-05-08T12:48:48.788169,-37.9105236667,145.134856,-37.9105073083,145.1348508667
2025-05-08T12:48:49.288046,-37.9105235,145.134856,-37.910506755,145.134856815
2025-05-08T12:48:49.787997,-37.9105235,145.134856,-37.910506755,145.134856815
2025-05-08T12:48:50.288285,-37.9105235,145.1348558333,-37.9105057317,145.1348604817
2025-05-08T12:48:50.788249,-37.9105235,145.1348558333,-37.9105057317,145.1348604817
2025-05-08T12:48:51.288058,-37.9105235,145.1348558333,-37.9105085233,145.1348623617
2025-05-08T12:48:51.788297,-37.9105235,145.1348558333,-37.9105085233,145.1348623617
2025-05-08T12:48:52.287996,-37.9105233333,145.1348556667,-37.910506285,145.134859815
2025-05-08T12:48:52.787976,-37.9105233333,145.1348556667,-37.910506285,145.134859815
2025-05-08T12:48:53.288080,-37.9105231667,145.1348556667,-37.9105062967,145.134859775
2025-05-08T12:48:53.788275,-37.9105231667,145.1348556667,-37.9105062967,145.134859775
2025-05-08T12:48:54.288170,-37.9105231667,145.1348556667,-37.9105061317,145.1348595217
2025-05-08T12:48:54.788278,-37.9105231667,145.1348556667,-37.9105061317,145.1348595217
2025-05-08T12:48:55.288272,-37.9105231667,145.1348556667,-37.91050595,145.1348592383
2025-05-08T12:48:55.788300,-37.9105231667,145.1348556667,-37.91050595,145.1348592383
2025-05-08T12:48:56.288218,-37.9105231667,145.1348555,-37.910505855,145.1348590433
2025-05-08T12:48:56.788300,-37.9105231667,145.1348555,-37.910505855,145.1348590433
2025-05-08T12:48:57.288310,-37.910523,145.1348555,-37.9105067767,145.13486289
2025-05-08T12:48:57.788314,-37.910523,145.1348555,-37.9105067767,145.13486289
2025-05-08T12:48:58.288340,-37.910523,145.1348555,-37.9105071817,145.1348651083
2025-05-08T12:48:58.788300,-37.910523,145.1348555,-37.9105071817,145.1348651083
2025-05-08T12:48:59.288138,-37.910523,145.1348555,-37.9105094133,145.1348703483
2025-05-08T12:48:59.788243,-37.910523,145.1348555,-37.9105094133,145.1348703483
2025-05-08T12:49:00.288285,-37.910523,145.1348553333,-37.9105091,145.1348740517
2025-05-08T12:49:00.788311,-37.910523,145.1348553333,-37.9105091,145.1348740517
2025-05-08T12:49:01.288302,-37.910523,145.1348553333,-37.9105096533,145.13487782
2025-05-08T12:49:01.788301,-37.910523,145.1348553333,-37.9105096533,145.13487782
2025-05-08T12:49:02.288300,-37.910523,145.1348553333,-37.910503735,145.1348815267
2025-05-08T12:49:02.788296,-37.910523,145.1348553333,-37.910503735,145.1348815267
2025-05-08T12:49:03.288298,-37.9105228333,145.1348555,-37.91049781,145.1348826167
2025-05-08T12:49:03.788301,-37.9105228333,145.1348555,-37.91049781,145.1348826167
2025-05-08T12:49:04.288280,-37.9105228333,145.1348555,-37.9104919383,145.1348829217
2025-05-08T12:49:04.788179,-37.9105228333,145.1348555,-37.9104919383,145.1348829217
2025-05-08T12:49:05.288306,-37.9105228333,145.1348555,-37.9104862667,145.1348840617
2025-05-08T12:49:05.788303,-37.9105228333,145.1348555,-37.9104862667,145.1348840617
2025-05-08T12:49:06.288316,-37.9105228333,145.1348555,-37.91048193,145.13489233
2025-05-08T12:49:06.788293,-37.9105228333,145.1348555,-37.91048193,145.13489233
2025-05-08T12:49:07.288316,-37.9105228333,145.1348556667,-37.9104784683,145.1349000433
2025-05-08T12:49:07.788163,-37.9105228333,145.1348556667,-37.9104784683,145.1349000433
2025-05-08T12:49:08.288312,-37.9105228333,145.1348556667,-37.9104797633,145.1349002067
2025-05-08T12:49:08.788357,-37.9105228333,145.1348556667,-37.9104797633,145.1349002067
2025-05-08T12:49:09.288316,-37.9105228333,145.1348556667,-37.9104803667,145.1349008167
2025-05-08T12:49:09.788314,-37.9105228333,145.1348556667,-37.9104803667,145.1349008167
2025-05-08T12:49:10.288308,-37.9105228333,145.1348556667,-37.9104804067,145.1349007867
2025-05-08T12:49:10.788307,-37.9105228333,145.1348556667,-37.9104804067,145.1349007867
2025-05-08T12:49:11.288277,-37.9105226667,145.1348558333,-37.910478225,145.1349035883
2025-05-08T12:49:11.788334,-37.9105226667,145.1348558333,-37.910478225,145.1349035883
2025-05-08T12:49:12.288273,-37.9105226667,145.1348558333,-37.910478205,145.1349037767
2025-05-08T12:49:12.788313,-37.9105226667,145.1348558333,-37.910478205,145.1349037767
2025-05-08T12:49:13.288276,-37.9105225,145.1348558333,-37.91047806,145.13490369
2025-05-08T12:49:13.788201,-37.9105225,145.1348558333,-37.91047806,145.13490369
2025-05-08T12:49:14.288287,-37.9105225,145.1348558333,-37.9104783283,145.1349035667
2025-05-08T12:49:14.788335,-37.9105225,145.1348558333,-37.9104783283,145.1349035667
2025-05-08T12:49:15.288333,-37.9105225,145.1348558333,-37.9104783283,145.13490359
2025-05-08T12:49:15.788313,-37.9105225,145.1348558333,-37.9104783283,145.13490359
2025-05-08T12:49:16.288306,-37.9105223333,145.1348558333,-37.9104783633,145.1349035867
2025-05-08T12:49:16.788306,-37.9105223333,145.1348558333,-37.9104783633,145.1349035867
2025-05-08T12:49:17.288279,-37.9105223333,145.1348558333,-37.9104783633,145.13490349
2025-05-08T12:49:17.788318,-37.9105223333,145.1348558333,-37.9104783633,145.13490349
2025-05-08T12:49:18.288299,-37.9105223333,145.1348558333,-37.9104744483,145.13490972
2025-05-08T12:49:18.788310,-37.9105223333,145.1348558333,-37.9104744483,145.13490972
2025-05-08T12:49:19.288325,-37.9105223333,145.134856,-37.9104718383,145.1349128733
2025-05-08T12:49:19.788307,-37.9105223333,145.134856,-37.9104718383,145.1349128733
2025-05-08T12:49:20.288054,-37.9105221667,145.134856,-37.91046853,145.1349176683
2025-05-08T12:49:20.788279,-37.9105221667,145.134856,-37.91046853,145.1349176683
2025-05-08T12:49:21.288303,-37.9105221667,145.1348561667,-37.9104660633,145.1349216017
2025-05-08T12:49:21.788209,-37.9105221667,145.1348561667,-37.9104660633,145.1349216017
2025-05-08T12:49:22.288338,-37.9105223333,145.1348561667,-37.9104641017,145.134925185
2025-05-08T12:49:22.788328,-37.9105223333,145.1348561667,-37.9104641017,145.134925185
2025-05-08T12:49:23.288034,-37.9105221667,145.1348561667,-37.91046383,145.1349278783
2025-05-08T12:49:23.788240,-37.9105221667,145.1348561667,-37.91046383,145.1349278783
2025-05-08T12:49:24.288040,-37.9105221667,145.1348561667,-37.910459815,145.1349295183
2025-05-08T12:49:24.788182,-37.9105221667,145.1348561667,-37.910459815,145.1349295183
2025-05-08T12:49:25.288316,-37.9105221667,145.1348563333,-37.9104587,145.1349326267
2025-05-08T12:49:25.788335,-37.9105221667,145.1348563333,-37.9104587,145.1349326267
2025-05-08T12:49:26.288340,-37.9105221667,145.1348563333,-37.9104552533,145.1349313433
2025-05-08T12:49:26.788303,-37.9105221667,145.1348563333,-37.9104552533,145.1349313433
2025-05-08T12:49:27.288330,-37.9105221667,145.1348565,-37.9104551567,145.1349311633
2025-05-08T12:49:27.788340,-37.9105221667,145.1348565,-37.9104551567,145.1349311633
2025-05-08T12:49:28.288326,-37.9105221667,145.1348565,-37.9104549067,145.13493036
2025-05-08T12:49:28.788333,-37.9105221667,145.1348565,-37.9104549067,145.13493036
2025-05-08T12:49:29.288232,-37.9105221667,145.1348566667,-37.9104548183,145.1349297783
2025-05-08T12:49:29.788340,-37.9105221667,145.1348566667,-37.9104548183,145.1349297783
2025-05-08T12:49:30.288349,-37.9105223333,145.1348566667,-37.9104547,145.1349294783
2025-05-08T12:49:30.788294,-37.9105223333,145.1348566667,-37.9104547,145.1349294783
2025-05-08T12:49:31.288299,-37.9105223333,145.1348566667,-37.9104544617,145.1349291233
2025-05-08T12:49:31.788184,-37.9105223333,145.1348566667,-37.9104544617,145.1349291233
2025-05-08T12:49:32.288256,-37.9105223333,145.1348566667,-37.9104496233,145.1349307833
2025-05-08T12:49:32.788339,-37.9105223333,145.1348566667,-37.9104496233,145.1349307833
2025-05-08T12:49:33.288308,-37.9105225,145.1348566667,-37.9104450333,145.1349367467
2025-05-08T12:49:33.788211,-37.9105225,145.1348566667,-37.9104450333,145.1349367467
2025-05-08T12:49:34.288235,-37.9105225,145.1348566667,-37.9104377683,145.1349405583
2025-05-08T12:49:34.788329,-37.9105225,145.1348566667,-37.9104377683,145.1349405583
2025-05-08T12:49:35.288288,-37.9105225,145.1348566667,-37.9104377633,145.1349442367
2025-05-08T12:49:35.788339,-37.9105225,145.1348566667,-37.9104377633,145.1349442367
2025-05-08T12:49:36.288321,-37.9105225,145.1348566667,-37.9104374367,145.1349500033
2025-05-08T12:49:36.788360,-37.9105225,145.1348566667,-37.9104374367,145.1349500033
2025-05-08T12:49:37.288294,-37.9105225,145.1348566667,-37.9104338833,145.1349559783
2025-05-08T12:49:37.788247,-37.9105225,145.1348566667,-37.9104338833,145.1349559783
2025-05-08T12:49:38.288271,-37.9105225,145.1348566667,-37.910423605,145.1349601483
2025-05-08T12:49:38.788323,-37.9105225,145.1348566667,-37.910423605,145.1349601483
2025-05-08T12:49:39.288286,-37.9105225,145.1348566667,-37.91043335,145.13496572
2025-05-08T12:49:39.788206,-37.9105225,145.1348566667,-37.91043335,145.13496572
2025-05-08T12:49:40.288290,-37.9105225,145.1348566667,-37.91043182,145.1349745517
2025-05-08T12:49:40.788332,-37.9105225,145.1348566667,-37.91043182,145.1349745517
2025-05-08T12:49:41.288329,-37.9105225,145.1348566667,-37.9104331283,145.1349841667
2025-05-08T12:49:41.788317,-37.9105225,145.1348566667,-37.9104331283,145.1349841667
2025-05-08T12:49:42.288303,-37.9105225,145.1348566667,-37.9104326617,145.1349935883
2025-05-08T12:49:42.788338,-37.9105225,145.1348566667,-37.9104326617,145.1349935883
2025-05-08T12:49:43.288321,-37.9105225,145.1348566667,-37.9104312433,145.134984765
2025-05-08T12:49:43.788278,-37.9105225,145.1348566667,-37.9104312433,145.134984765
2025-05-08T12:49:44.288270,-37.9105225,145.1348566667,-37.9104371067,145.1349808033
2025-05-08T12:49:44.788317,-37.9105225,145.1348566667,-37.9104371067,145.1349808033
2025-05-08T12:49:45.288296,-37.9105225,145.1348566667,-37.91043716,145.1349809883
2025-05-08T12:49:45.788328,-37.9105225,145.1348566667,-37.91043716,145.1349809883
2025-05-08T12:49:46.288300,-37.9105225,145.1348566667,-37.9104374917,145.1349847917
2025-05-08T12:49:46.788304,-37.9105225,145.1348566667,-37.9104374917,145.1349847917
2025-05-08T12:49:47.288291,-37.9105225,145.1348566667,-37.910431,145.1349907867
2025-05-08T12:49:47.788346,-37.9105225,145.1348566667,-37.910431,145.1349907867
2025-05-08T12:49:48.288306,-37.9105225,145.1348566667,-37.91042343,145.1350035033
2025-05-08T12:49:48.788330,-37.9105225,145.1348566667,-37.91042343,145.1350035033
2025-05-08T12:49:49.288209,-37.9105225,145.1348566667,-37.910421205,145.1350165017
2025-05-08T12:49:49.788305,-37.9105225,145.1348566667,-37.910421205,145.1350165017
2025-05-08T12:49:50.288316,-37.9105225,145.1348566667,-37.9104099967,145.1350272
2025-05-08T12:49:50.788353,-37.9105225,145.1348566667,-37.9104099967,145.1350272
2025-05-08T12:49:51.288277,-37.9105225,145.1348566667,-37.9104107083,145.1350419967
2025-05-08T12:49:51.788368,-37.9105225,145.1348566667,-37.9104107083,145.1350419967
2025-05-08T12:49:52.288317,-37.9105225,145.1348566667,-37.9104081267,145.13505296
2025-05-08T12:49:52.788205,-37.9105225,145.1348566667,-37.9104081267,145.13505296
2025-05-08T12:49:53.288284,-37.9105225,145.1348566667,-37.9104075267,145.1350594133
2025-05-08T12:49:53.788344,-37.9105225,145.1348566667,-37.9104075267,145.1350594133
2025-05-08T12:49:54.288336,-37.9105225,145.1348566667,-37.9104075417,145.1350651483
2025-05-08T12:49:54.788347,-37.9105225,145.1348566667,-37.9104075417,145.1350651483
2025-05-08T12:49:55.288305,-37.9105225,145.1348566667,-37.9103993517,145.13507624
2025-05-08T12:49:55.788225,-37.9105225,145.1348566667,-37.9103993517,145.13507624
2025-05-08T12:49:56.288123,-37.9105225,145.1348566667,-37.91039248,145.1350853783
2025-05-08T12:49:56.788330,-37.9105225,145.1348566667,-37.91039248,145.1350853783
2025-05-08T12:49:57.288315,-37.9105225,145.1348566667,-37.9103904767,145.135095345
2025-05-08T12:49:57.788305,-37.9105225,145.1348566667,-37.9103904767,145.135095345
2025-05-08T12:49:58.288027,-37.9105225,145.1348566667,-37.9103970767,145.135103665
2025-05-08T12:49:58.788048,-37.9105225,145.1348566667,-37.9103970767,145.135103665
2025-05-08T12:49:59.288238,-37.9105225,145.1348566667,-37.9103910433,145.1351098517
2025-05-08T12:49:59.788318,-37.9105225,145.1348566667,-37.9103910433,145.1351098517
2025-05-08T12:50:00.288286,-37.9105225,145.1348566667,-37.9103925133,145.13512285
2025-05-08T12:50:00.788291,-37.9105225,145.1348566667,-37.9103925133,145.13512285
2025-05-08T12:50:01.288298,-37.9105225,145.1348566667,-37.9103929583,145.1351299583
2025-05-08T12:50:01.788315,-37.9105225,145.1348566667,-37.9103929583,145.1351299583
2025-05-08T12:50:02.288304,-37.9105225,145.1348566667,-37.910386055,145.135137415
2025-05-08T12:50:02.788367,-37.9105225,145.1348566667,-37.910386055,145.135137415
2025-05-08T12:50:03.288294,-37.9105225,145.1348566667,-37.9103892433,145.13514558
2025-05-08T12:50:03.788373,-37.9105225,145.1348566667,-37.9103892433,145.13514558
2025-05-08T12:50:04.288179,-37.9105225,145.1348566667,-37.9103879983,145.1351524217
2025-05-08T12:50:04.788281,-37.9105225,145.1348566667,-37.9103879983,145.1351524217
2025-05-08T12:50:05.288283,-37.9105225,145.1348566667,-37.9103882017,145.1351608033
2025-05-08T12:50:05.788216,-37.9105225,145.1348566667,-37.9103882017,145.1351608033
2025-05-08T12:50:06.288312,-37.9105225,145.1348566667,-37.9103861817,145.1351660417
2025-05-08T12:50:06.788331,-37.9105225,145.1348566667,-37.9103861817,145.1351660417
2025-05-08T12:50:07.288330,-37.9105225,145.1348566667,-37.9103868733,145.1351718283
2025-05-08T12:50:07.788308,-37.9105225,145.1348566667,-37.9103868733,145.1351718283
2025-05-08T12:50:08.288296,-37.9105225,145.1348566667,-37.9103869833,145.1351763733
2025-05-08T12:50:08.788338,-37.9105225,145.1348566667,-37.9103869833,145.1351763733
2025-05-08T12:50:09.288314,-37.9105225,145.1348566667,-37.91038479,145.13519104
2025-05-08T12:50:09.788303,-37.9105225,145.1348566667,-37.91038479,145.13519104
2025-05-08T12:50:10.288288,-37.9105225,145.1348566667,-37.9103848667,145.1352085717
2025-05-08T12:50:10.788289,-37.9105225,145.1348566667,-37.9103848667,145.1352085717
2025-05-08T12:50:11.288328,-37.9105225,145.1348566667,-37.91038572,145.1352260433
2025-05-08T12:50:11.788270,-37.9105225,145.1348566667,-37.91038572,145.1352260433
2025-05-08T12:50:12.288302,-37.9105225,145.1348566667,-37.9103921267,145.1352306233
2025-05-08T12:50:12.788357,-37.9105225,145.1348566667,-37.9103921267,145.1352306233
2025-05-08T12:50:13.288245,-37.9105225,145.1348566667,-37.9103908617,145.1352232867
2025-05-08T12:50:13.788094,-37.9105225,145.1348566667,-37.9103908617,145.1352232867
2025-05-08T12:50:14.288338,-37.9105225,145.1348566667,-37.9103909467,145.1352231967
2025-05-08T12:50:14.788329,-37.9105225,145.1348566667,-37.9103909467,145.1352231967
2025-05-08T12:50:15.288348,-37.9105225,145.1348566667,-37.9103916233,145.1352224217
2025-05-08T12:50:15.788302,-37.9105225,145.1348566667,-37.9103916233,145.1352224217
2025-05-08T12:50:16.288289,-37.9105225,145.1348566667,-37.910391695,145.1352217367
2025-05-08T12:50:16.788305,-37.9105225,145.1348566667,-37.910391695,145.1352217367
2025-05-08T12:50:17.288308,-37.9105225,145.1348566667,-37.910391685,145.1352210917
2025-05-08T12:50:17.788348,-37.9105225,145.1348566667,-37.910391685,145.1352210917
2025-05-08T12:50:18.288236,-37.9105225,145.1348566667,-37.91039172,145.1352207583
2025-05-08T12:50:18.788311,-37.9105225,145.1348566667,-37.91039172,145.1352207583
2025-05-08T12:50:19.288093,-37.9105225,145.1348566667,-37.9103958483,145.1352162033
2025-05-08T12:50:19.788350,-37.9105225,145.1348566667,-37.9103958483,145.1352162033
2025-05-08T12:50:20.288115,-37.9105225,145.1348566667,-37.9104012133,145.1352122983
2025-05-08T12:50:20.788323,-37.9105225,145.1348566667,-37.9104012133,145.1352122983
2025-05-08T12:50:21.288290,-37.9105225,145.1348566667,-37.91040855,145.135210475
2025-05-08T12:50:21.788288,-37.9105225,145.1348566667,-37.91040855,145.135210475
2025-05-08T12:50:22.288258,-37.9105225,145.1348566667,-37.91041683,145.1352159567
2025-05-08T12:50:22.788290,-37.9105225,145.1348566667,-37.91041683,145.1352159567
2025-05-08T12:50:23.288076,-37.9105225,145.1348566667,-37.9104225217,145.13521589
2025-05-08T12:50:23.788343,-37.9105225,145.1348566667,-37.9104225217,145.13521589
2025-05-08T12:50:24.288285,-37.9105225,145.1348566667,-37.9104272067,145.1352183883
2025-05-08T12:50:24.788169,-37.9105225,145.1348566667,-37.9104272067,145.1352183883
2025-05-08T12:50:25.288270,-37.9105225,145.1348566667,-37.9104367333,145.1352201633
2025-05-08T12:50:25.788282,-37.9105225,145.1348566667,-37.9104367333,145.1352201633
2025-05-08T12:50:26.288326,-37.9105225,145.1348566667,-37.9104465967,145.13521974
2025-05-08T12:50:26.788328,-37.9105225,145.1348566667,-37.9104465967,145.13521974
2025-05-08T12:50:27.288332,-37.9105225,145.1348566667,-37.91045467,145.135215665
2025-05-08T12:50:27.788324,-37.9105225,145.1348566667,-37.91045467,145.135215665
2025-05-08T12:50:28.288300,-37.9105225,145.1348566667,-37.9104626433,145.1352152783
2025-05-08T12:50:28.788315,-37.9105225,145.1348566667,-37.9104626433,145.1352152783
2025-05-08T12:50:29.288285,-37.9105225,145.1348566667,-37.91047677,145.135213485
2025-05-08T12:50:29.788387,-37.9105225,145.1348566667,-37.91047677,145.135213485
2025-05-08T12:50:30.288110,-37.9105225,145.1348566667,-37.9104870683,145.135212235
2025-05-08T12:50:30.788353,-37.9105225,145.1348566667,-37.9104870683,145.135212235
2025-05-08T12:50:31.288311,-37.9105225,145.1348566667,-37.9104967983,145.1352103633
2025-05-08T12:50:31.788200,-37.9105225,145.1348566667,-37.9104967983,145.1352103633
2025-05-08T12:50:32.288348,-37.9105225,145.1348566667,-37.9105101417,145.1352095967
2025-05-08T12:50:32.788342,-37.9105225,145.1348566667,-37.9105101417,145.1352095967
2025-05-08T12:50:33.288311,-37.9105225,145.1348566667,-37.9105191567,145.1352080933
2025-05-08T12:50:33.788353,-37.9105225,145.1348566667,-37.9105191567,145.1352080933
2025-05-08T12:50:34.288322,-37.9105225,145.1348566667,-37.910530155,145.1352059183
2025-05-08T12:50:34.788315,-37.9105225,145.1348566667,-37.910530155,145.1352059183
2025-05-08T12:50:35.288249,-37.9105225,145.1348566667,-37.9105376267,145.13520432
2025-05-08T12:50:35.788325,-37.9105225,145.1348566667,-37.9105376267,145.13520432
2025-05-08T12:50:36.288319,-37.9105225,145.1348566667,-37.910545045,145.1352042
2025-05-08T12:50:36.788290,-37.9105225,145.1348566667,-37.910545045,145.1352042
2025-05-08T12:50:37.288303,-37.9105225,145.1348566667,-37.9105547767,145.135201005
2025-05-08T12:50:37.788327,-37.9105225,145.1348566667,-37.9105547767,145.135201005
2025-05-08T12:50:38.288339,-37.9105225,145.1348566667,-37.9105609433,145.1351964817
2025-05-08T12:50:38.788334,-37.9105225,145.1348566667,-37.9105609433,145.1351964817
2025-05-08T12:50:39.288350,-37.9105225,145.1348566667,-37.9105663917,145.1351916483
2025-05-08T12:50:39.788339,-37.9105225,145.1348566667,-37.9105663917,145.1351916483
2025-05-08T12:50:40.288348,-37.9105225,145.1348566667,-37.91057364,145.135194805
2025-05-08T12:50:40.788355,-37.9105225,145.1348566667,-37.91057364,145.135194805
2025-05-08T12:50:41.288366,-37.9105225,145.1348566667,-37.9105783183,145.1351934267
2025-05-08T12:50:41.788307,-37.9105225,145.1348566667,-37.9105783183,145.1351934267
2025-05-08T12:50:42.288310,-37.9105225,145.1348566667,-37.9105851417,145.13519219
2025-05-08T12:50:42.788332,-37.9105225,145.1348566667,-37.9105851417,145.13519219
2025-05-08T12:50:43.288310,-37.9105225,145.1348566667,-37.910598895,145.135192465
2025-05-08T12:50:43.788322,-37.9105225,145.1348566667,-37.910598895,145.135192465
2025-05-08T12:50:44.288328,-37.9105225,145.1348566667,-37.9106080417,145.1351896267
2025-05-08T12:50:44.788336,-37.9105225,145.1348566667,-37.9106080417,145.1351896267
2025-05-08T12:50:45.288325,-37.9105225,145.1348566667,-37.9106177367,145.1351902317
2025-05-08T12:50:45.788345,-37.9105225,145.1348566667,-37.9106177367,145.1351902317
2025-05-08T12:50:46.288322,-37.9105225,145.1348566667,-37.9106280317,145.1351871983
2025-05-08T12:50:46.788319,-37.9105225,145.1348566667,-37.9106280317,145.1351871983
2025-05-08T12:50:47.288331,-37.9105225,145.1348566667,-37.9106368767,145.1351810367
2025-05-08T12:50:47.788361,-37.9105225,145.1348566667,-37.9106368767,145.1351810367
2025-05-08T12:50:48.288289,-37.9105225,145.1348566667,-37.9106446483,145.13517569
2025-05-08T12:50:48.788357,-37.9105225,145.1348566667,-37.9106446483,145.13517569
2025-05-08T12:50:49.288298,-37.9105225,145.1348566667,-37.9106545983,145.1351728383
2025-05-08T12:50:49.788309,-37.9105225,145.1348566667,-37.9106545983,145.1351728383
2025-05-08T12:50:50.288254,-37.9105225,145.1348566667,-37.9106679717,145.1351690233
2025-05-08T12:50:50.788347,-37.9105225,145.1348566667,-37.9106679717,145.1351690233
2025-05-08T12:50:51.288304,-37.9105225,145.1348566667,-37.9106758083,145.1351640433
2025-05-08T12:50:51.788302,-37.9105225,145.1348566667,-37.9106758083,145.1351640433
2025-05-08T12:50:52.288319,-37.9105225,145.1348566667,-37.9106841533,145.1351583533
2025-05-08T12:50:52.788239,-37.9105225,145.1348566667,-37.9106841533,145.1351583533
2025-05-08T12:50:53.288334,-37.9105225,145.1348566667,-37.9106930817,145.135150995
2025-05-08T12:50:53.788353,-37.9105225,145.1348566667,-37.9106930817,145.135150995
2025-05-08T12:50:54.288319,-37.9105225,145.1348566667,-37.9106963883,145.13514445
2025-05-08T12:50:54.788310,-37.9105225,145.1348566667,-37.9106963883,145.13514445
2025-05-08T12:50:55.288312,-37.9105225,145.1348566667,-37.9107069033,145.1351389167
2025-05-08T12:50:55.788284,-37.9105225,145.1348566667,-37.9107069033,145.1351389167
2025-05-08T12:50:56.288287,-37.9105225,145.1348566667,-37.91071589,145.1351335833
2025-05-08T12:50:56.788209,-37.9105225,145.1348566667,-37.91071589,145.1351335833
2025-05-08T12:50:57.288290,-37.9105225,145.1348566667,-37.9107174783,145.13512476
2025-05-08T12:50:57.788207,-37.9105225,145.1348566667,-37.9107174783,145.13512476
2025-05-08T12:50:58.288313,-37.9105225,145.1348566667,-37.9107108,145.13510912
2025-05-08T12:50:58.788233,-37.9105225,145.1348566667,-37.9107108,145.13510912
2025-05-08T12:50:59.288287,-37.9105225,145.1348566667,-37.9107096,145.1350933067
2025-05-08T12:50:59.788332,-37.9105225,145.1348566667,-37.9107096,145.1350933067
2025-05-08T12:51:00.288294,-37.9105225,145.1348566667,-37.9107056217,145.1350815333
2025-05-08T12:51:00.788334,-37.9105225,145.1348566667,-37.9107056217,145.1350815333
2025-05-08T12:51:01.288254,-37.9105225,145.1348566667,-37.9107038217,145.1350677283
2025-05-08T12:51:01.788181,-37.9105225,145.1348566667,-37.9107038217,145.1350677283
2025-05-08T12:51:02.288284,-37.9105225,145.1348566667,-37.9106999433,145.1350561333
2025-05-08T12:51:02.788307,-37.9105225,145.1348566667,-37.9106999433,145.1350561333
2025-05-08T12:51:03.288294,-37.9105225,145.1348566667,-37.9106962433,145.1350442283
2025-05-08T12:51:03.788331,-37.9105225,145.1348566667,-37.9106962433,145.1350442283
2025-05-08T12:51:04.288285,-37.9105225,145.1348566667,-37.9106899383,145.13503488
2025-05-08T12:51:04.788288,-37.9105225,145.1348566667,-37.9106899383,145.13503488
2025-05-08T12:51:05.288273,-37.9105225,145.1348566667,-37.9106856367,145.1350208667
2025-05-08T12:51:05.788336,-37.9105225,145.1348566667,-37.9106856367,145.1350208667
2025-05-08T12:51:06.288285,-37.9105225,145.1348566667,-37.9106852133,145.13501196
2025-05-08T12:51:06.788336,-37.9105225,145.1348566667,-37.9106852133,145.13501196
2025-05-08T12:51:07.288329,-37.9105225,145.1348566667,-37.910679795,145.1350021883
2025-05-08T12:51:07.788202,-37.9105225,145.1348566667,-37.910679795,145.1350021883
2025-05-08T12:51:08.288290,-37.9105225,145.1348566667,-37.9106693683,145.1349947183
2025-05-08T12:51:08.788311,-37.9105225,145.1348566667,-37.9106693683,145.1349947183
2025-05-08T12:51:09.288287,-37.9105225,145.1348566667,-37.9106670917,145.134990195
2025-05-08T12:51:09.788334,-37.9105225,145.1348566667,-37.9106670917,145.134990195
2025-05-08T12:51:10.288287,-37.9105225,145.1348566667,-37.9106600517,145.1349836467
2025-05-08T12:51:10.788182,-37.9105225,145.1348566667,-37.9106600517,145.1349836467
2025-05-08T12:51:11.288290,-37.9105225,145.1348566667,-37.910647985,145.134977085
2025-05-08T12:51:11.788372,-37.9105225,145.1348566667,-37.910647985,145.134977085
2025-05-08T12:51:12.288302,-37.9105225,145.1348566667,-37.9106389917,145.1349620983
2025-05-08T12:51:12.788304,-37.9105225,145.1348566667,-37.9106389917,145.1349620983
2025-05-08T12:51:13.288094,-37.9105233333,145.1348541667,-37.91063237,145.1349503567
2025-05-08T12:51:13.788308,-37.9105233333,145.1348541667,-37.91063237,145.1349503567
2025-05-08T12:51:14.288117,-37.9105231667,145.1348541667,-37.9106249233,145.134939685
2025-05-08T12:51:14.788271,-37.9105231667,145.1348541667,-37.9106249233,145.134939685
2025-05-08T12:51:15.288243,-37.9105231667,145.1348541667,-37.9106175767,145.1349291167
2025-05-08T12:51:15.788330,-37.9105231667,145.1348541667,-37.9106175767,145.1349291167
2025-05-08T12:51:16.288100,-37.9105231667,145.1348541667,-37.910605205,145.1349160133
2025-05-08T12:51:16.788310,-37.9105231667,145.1348541667,-37.910605205,145.1349160133
2025-05-08T12:51:17.288246,-37.9105231667,145.134854,-37.9105961067,145.134905135
2025-05-08T12:51:17.788303,-37.9105231667,145.134854,-37.9105961067,145.134905135
2025-05-08T12:51:18.288289,-37.9105231667,145.134854,-37.91058709,145.1348944667
2025-05-08T12:51:18.788322,-37.9105231667,145.134854,-37.91058709,145.1348944667
2025-05-08T12:51:19.288272,-37.9105231667,145.134854,-37.910574235,145.13488236
2025-05-08T12:51:19.788335,-37.9105231667,145.134854,-37.910574235,145.13488236
2025-05-08T12:51:20.288317,-37.9105231667,145.134854,-37.9105670867,145.1348741
2025-05-08T12:51:20.788274,-37.9105231667,145.134854,-37.9105670867,145.1348741
2025-05-08T12:51:21.288304,-37.9105231667,145.134854,-37.9105572217,145.1348623483
2025-05-08T12:51:21.788329,-37.9105231667,145.134854,-37.9105572217,145.1348623483
2025-05-08T12:51:22.288305,-37.910523,145.134854,-37.91055263,145.1348583283
2025-05-08T12:51:22.788308,-37.910523,145.134854,-37.91055263,145.1348583283
2025-05-08T12:51:23.288338,-37.910523,145.134854,-37.9105455133,145.1348518683
2025-05-08T12:51:23.788226,-37.910523,145.134854,-37.9105455133,145.1348518683
2025-05-08T12:51:24.288337,-37.910523,145.134854,-37.9105372433,145.134847525
2025-05-08T12:51:24.788238,-37.910523,145.134854,-37.9105372433,145.134847525
2025-05-08T12:51:25.288360,-37.910523,145.134854,-37.9105279617,145.13484402
2025-05-08T12:51:25.788212,-37.910523,145.134854,-37.9105279617,145.13484402
2025-05-08T12:51:26.288226,-37.9105228333,145.1348538333,-37.9105248867,145.13484179
2025-05-08T12:51:26.788345,-37.9105228333,145.1348538333,-37.9105248867,145.13484179
2025-05-08T12:51:27.288285,-37.9105228333,145.1348538333,-37.910523855,145.13484164
2025-05-08T12:51:27.788325,-37.9105228333,145.1348538333,-37.910523855,145.13484164
2025-05-08T12:51:28.288310,-37.9105228333,145.1348538333,-37.91052607,145.1348438067
2025-05-08T12:51:28.788310,-37.9105228333,145.1348538333,-37.91052607,145.1348438067
2025-05-08T12:51:29.288202,-37.9105228333,145.1348538333,-37.9105266433,145.1348435067
2025-05-08T12:51:29.788302,-37.9105228333,145.1348538333,-37.9105266433,145.1348435067
2025-05-08T12:51:30.288322,-37.9105228333,145.1348538333,-37.910526535,145.134843505
2025-05-08T12:51:30.788334,-37.9105228333,145.1348538333,-37.910526535,145.134843505
2025-05-08T12:51:31.288340,-37.9105228333,145.1348538333,-37.9105314733,145.1348322983
2025-05-08T12:51:31.788203,-37.9105228333,145.1348538333,-37.9105314733,145.1348322983
2025-05-08T12:51:32.288304,-37.9105228333,145.1348538333,-37.9105311117,145.134823165
2025-05-08T12:51:32.788363,-37.9105228333,145.1348538333,-37.9105311117,145.134823165
2025-05-08T12:51:33.288106,-37.9105228333,145.1348538333,-37.9105277883,145.1348104083
2025-05-08T12:51:33.788327,-37.9105228333,145.1348538333,-37.9105277883,145.1348104083
2025-05-08T12:51:34.288311,-37.9105228333,145.1348538333,-37.910526775,145.134808105
2025-05-08T12:51:34.788064,-37.9105228333,145.1348538333,-37.910526775,145.134808105
2025-05-08T12:51:35.288272,-37.9105228333,145.1348538333,-37.9105260733,145.1348016667
2025-05-08T12:51:35.788363,-37.9105228333,145.1348538333,-37.9105260733,145.1348016667
2025-05-08T12:51:36.288307,-37.9105228333,145.1348538333,-37.9105257317,145.1347980283
2025-05-08T12:51:36.788332,-37.9105228333,145.1348538333,-37.9105257317,145.1347980283
2025-05-08T12:51:37.288347,-37.9105228333,145.1348538333,-37.9105212117,145.134794515
2025-05-08T12:51:37.788033,-37.9105228333,145.1348538333,-37.9105212117,145.134794515
2025-05-08T12:51:38.288092,-37.9105228333,145.1348538333,-37.9105212117,145.134794515
2025-05-08T12:51:38.788370,-37.9105228333,145.1348538333,-37.9105212117,145.134794515
2025-05-08T12:51:39.288357,-37.9105228333,145.1348538333,-37.9105212117,145.134794515
2025-05-08T12:51:39.788128,-37.9105228333,145.1348538333,-37.9105212117,145.134794515
2025-05-08T12:51:40.288314,-37.9105228333,145.1348538333,-37.9105212117,145.134794515
2025-05-08T12:51:40.788334,-37.9105228333,145.1348538333,-37.9105212117,145.134794515
2025-05-08T12:51:41.288357,-37.9105228333,145.1348538333,-37.9105212117,145.134794515
2025-05-08T12:51:41.788307,-37.9105228333,145.1348538333,-37.9105212117,145.134794515
2025-05-08T12:51:42.288302,-37.9105228333,145.1348538333,-37.9105212117,145.134794515
2025-05-08T12:51:42.788364,-37.9105228333,145.1348538333,-37.9105212117,145.134794515
2025-05-08T12:51:43.288127,-37.9105228333,145.1348538333,-37.9105212117,145.134794515
2025-05-08T12:51:43.788258,-37.9105228333,145.1348538333,-37.9105212117,145.134794515
2025-05-08T12:51:44.288289,-37.9105228333,145.1348538333,-37.9105206233,145.1347950333
2025-05-08T12:51:44.788293,-37.9105228333,145.1348538333,-37.9105206233,145.1347950333
2025-05-08T12:51:45.288327,-37.9105228333,145.1348538333,-37.9105202317,145.1347956417
2025-05-08T12:51:45.788236,-37.9105228333,145.1348538333,-37.9105202317,145.1347956417
2025-05-08T12:51:46.288288,-37.9105228333,145.1348538333,-37.9105198233,145.1347961433
2025-05-08T12:51:46.788281,-37.9105228333,145.1348538333,-37.9105198233,145.1347961433
2025-05-08T12:51:47.288261,-37.9105228333,145.1348538333,-37.9105193633,145.134797045
2025-05-08T12:51:47.788291,-37.9105228333,145.1348538333,-37.9105193633,145.134797045
2025-05-08T12:51:48.288314,-37.9105228333,145.1348538333,-37.9105190267,145.1347979533
2025-05-08T12:51:48.788368,-37.9105228333,145.1348538333,-37.9105190267,145.1347979533
2025-05-08T12:51:49.288307,-37.9105228333,145.1348538333,-37.910518615,145.13479856
2025-05-08T12:51:49.788220,-37.9105228333,145.1348538333,-37.910518615,145.13479856
2025-05-08T12:51:50.288324,-37.9105228333,145.1348538333,-37.91051818,145.1347991783
2025-05-08T12:51:50.788359,-37.9105228333,145.1348538333,-37.91051818,145.1347991783
2025-05-08T12:51:51.288339,-37.9105228333,145.1348538333,-37.9105176983,145.13480039
2025-05-08T12:51:51.788353,-37.9105228333,145.1348538333,-37.9105176983,145.13480039
2025-05-08T12:51:52.288222,-37.9105228333,145.1348538333,-37.9105174517,145.13480115
2025-05-08T12:51:52.788094,-37.9105228333,145.1348538333,-37.9105174517,145.13480115
2025-05-08T12:51:53.288020,-37.9105205,145.134853,-37.9105173317,145.1348022833
2025-05-08T12:51:53.788173,-37.9105205,145.134853,-37.9105173317,145.1348022833
2025-05-08T12:51:54.288014,-37.9105203333,145.134853,-37.910517205,145.134803385
2025-05-08T12:51:54.788210,-37.9105203333,145.134853,-37.910517205,145.134803385
2025-05-08T12:51:55.288032,-37.9105203333,145.134853,-37.9105172383,145.1348044217
